,time,prices,market_id
0,2026-06-05 16:30:04,0.495,11203072837691991835760705447444776056390927666675259445088047055269943846291
1,2026-06-05 17:00:03,0.74,11203072837691991835760705447444776056390927666675259445088047055269943846291
2,2026-06-05 17:30:15,0.74,11203072837691991835760705447444776056390927666675259445088047055269943846291
3,2026-06-05 18:00:03,0.735,11203072837691991835760705447444776056390927666675259445088047055269943846291
4,2026-06-05 18:30:18,0.72,11203072837691991835760705447444776056390927666675259445088047055269943846291
5,2026-06-05 19:00:03,0.71,11203072837691991835760705447444776056390927666675259445088047055269943846291
6,2026-06-05 19:30:03,0.73,11203072837691991835760705447444776056390927666675259445088047055269943846291
7,2026-06-05 20:00:05,0.73,11203072837691991835760705447444776056390927666675259445088047055269943846291
8,2026-06-05 20:30:04,0.73,11203072837691991835760705447444776056390927666675259445088047055269943846291
9,2026-06-05 21:00:04,0.73,11203072837691991835760705447444776056390927666675259445088047055269943846291
10,2026-06-05 21:30:03,0.73,11203072837691991835760705447444776056390927666675259445088047055269943846291
11,2026-06-05 22:00:04,0.785,11203072837691991835760705447444776056390927666675259445088047055269943846291
12,2026-06-05 22:30:03,0.78,11203072837691991835760705447444776056390927666675259445088047055269943846291
13,2026-06-05 23:00:04,0.765,11203072837691991835760705447444776056390927666675259445088047055269943846291
14,2026-06-05 23:30:03,0.805,11203072837691991835760705447444776056390927666675259445088047055269943846291
15,2026-06-06 00:00:03,0.81,11203072837691991835760705447444776056390927666675259445088047055269943846291
16,2026-06-06 00:30:03,0.795,11203072837691991835760705447444776056390927666675259445088047055269943846291
17,2026-06-06 01:00:03,0.79,11203072837691991835760705447444776056390927666675259445088047055269943846291
18,2026-06-06 01:30:03,0.8,11203072837691991835760705447444776056390927666675259445088047055269943846291
19,2026-06-06 02:00:17,0.8,11203072837691991835760705447444776056390927666675259445088047055269943846291
20,2026-06-06 02:30:03,0.795,11203072837691991835760705447444776056390927666675259445088047055269943846291
21,2026-06-06 03:00:04,0.795,11203072837691991835760705447444776056390927666675259445088047055269943846291
22,2026-06-06 03:30:05,0.795,11203072837691991835760705447444776056390927666675259445088047055269943846291
23,2026-06-06 04:00:04,0.795,11203072837691991835760705447444776056390927666675259445088047055269943846291
24,2026-06-06 04:30:03,0.795,11203072837691991835760705447444776056390927666675259445088047055269943846291
25,2026-06-06 05:00:05,0.795,11203072837691991835760705447444776056390927666675259445088047055269943846291
26,2026-06-06 05:30:04,0.795,11203072837691991835760705447444776056390927666675259445088047055269943846291
27,2026-06-06 06:00:04,0.795,11203072837691991835760705447444776056390927666675259445088047055269943846291
28,2026-06-06 06:30:03,0.8,11203072837691991835760705447444776056390927666675259445088047055269943846291
29,2026-06-06 07:00:03,0.8,11203072837691991835760705447444776056390927666675259445088047055269943846291
30,2026-06-06 07:30:03,0.8,11203072837691991835760705447444776056390927666675259445088047055269943846291
31,2026-06-06 08:00:03,0.835,11203072837691991835760705447444776056390927666675259445088047055269943846291
32,2026-06-06 08:30:03,0.795,11203072837691991835760705447444776056390927666675259445088047055269943846291
33,2026-06-06 09:00:03,0.795,11203072837691991835760705447444776056390927666675259445088047055269943846291
34,2026-06-06 09:30:03,0.795,11203072837691991835760705447444776056390927666675259445088047055269943846291
35,2026-06-06 10:00:14,0.785,11203072837691991835760705447444776056390927666675259445088047055269943846291
36,2026-06-06 10:30:04,0.785,11203072837691991835760705447444776056390927666675259445088047055269943846291
37,2026-06-06 11:00:03,0.79,11203072837691991835760705447444776056390927666675259445088047055269943846291
38,2026-06-06 11:30:03,0.79,11203072837691991835760705447444776056390927666675259445088047055269943846291
39,2026-06-06 12:00:04,0.79,11203072837691991835760705447444776056390927666675259445088047055269943846291
40,2026-06-06 12:30:04,0.79,11203072837691991835760705447444776056390927666675259445088047055269943846291
41,2026-06-06 13:00:03,0.785,11203072837691991835760705447444776056390927666675259445088047055269943846291
42,2026-06-06 13:30:03,0.785,11203072837691991835760705447444776056390927666675259445088047055269943846291
43,2026-06-06 14:00:03,0.79,11203072837691991835760705447444776056390927666675259445088047055269943846291
44,2026-06-06 14:30:03,0.785,11203072837691991835760705447444776056390927666675259445088047055269943846291
45,2026-06-06 15:00:04,0.785,11203072837691991835760705447444776056390927666675259445088047055269943846291
46,2026-06-06 15:30:03,0.785,11203072837691991835760705447444776056390927666675259445088047055269943846291
47,2026-06-06 16:00:03,0.79,11203072837691991835760705447444776056390927666675259445088047055269943846291
48,2026-06-06 16:30:04,0.79,11203072837691991835760705447444776056390927666675259445088047055269943846291
49,2026-06-06 17:00:17,0.79,11203072837691991835760705447444776056390927666675259445088047055269943846291
50,2026-06-06 17:30:03,0.785,11203072837691991835760705447444776056390927666675259445088047055269943846291
51,2026-06-06 18:00:04,0.79,11203072837691991835760705447444776056390927666675259445088047055269943846291
52,2026-06-06 18:30:04,0.79,11203072837691991835760705447444776056390927666675259445088047055269943846291
53,2026-06-06 19:00:04,0.785,11203072837691991835760705447444776056390927666675259445088047055269943846291
54,2026-06-06 19:30:04,0.79,11203072837691991835760705447444776056390927666675259445088047055269943846291
55,2026-06-06 20:00:04,0.785,11203072837691991835760705447444776056390927666675259445088047055269943846291
56,2026-06-06 20:30:04,0.79,11203072837691991835760705447444776056390927666675259445088047055269943846291
57,2026-06-06 21:00:03,0.79,11203072837691991835760705447444776056390927666675259445088047055269943846291
58,2026-06-06 21:30:05,0.785,11203072837691991835760705447444776056390927666675259445088047055269943846291
59,2026-06-06 22:00:03,0.79,11203072837691991835760705447444776056390927666675259445088047055269943846291
60,2026-06-06 22:30:04,0.785,11203072837691991835760705447444776056390927666675259445088047055269943846291
61,2026-06-06 23:00:04,0.78,11203072837691991835760705447444776056390927666675259445088047055269943846291
62,2026-06-06 23:30:03,0.795,11203072837691991835760705447444776056390927666675259445088047055269943846291
63,2026-06-07 00:00:13,0.8,11203072837691991835760705447444776056390927666675259445088047055269943846291
64,2026-06-07 00:30:03,0.795,11203072837691991835760705447444776056390927666675259445088047055269943846291
65,2026-06-07 01:00:05,0.805,11203072837691991835760705447444776056390927666675259445088047055269943846291
66,2026-06-07 01:30:04,0.805,11203072837691991835760705447444776056390927666675259445088047055269943846291
67,2026-06-07 02:00:17,0.805,11203072837691991835760705447444776056390927666675259445088047055269943846291
68,2026-06-07 02:30:03,0.805,11203072837691991835760705447444776056390927666675259445088047055269943846291
69,2026-06-07 03:00:03,0.805,11203072837691991835760705447444776056390927666675259445088047055269943846291
70,2026-06-07 03:30:04,0.805,11203072837691991835760705447444776056390927666675259445088047055269943846291
71,2026-06-07 04:00:04,0.805,11203072837691991835760705447444776056390927666675259445088047055269943846291
72,2026-06-07 04:30:03,0.805,11203072837691991835760705447444776056390927666675259445088047055269943846291
73,2026-06-07 05:00:04,0.805,11203072837691991835760705447444776056390927666675259445088047055269943846291
74,2026-06-07 05:30:03,0.805,11203072837691991835760705447444776056390927666675259445088047055269943846291
75,2026-06-07 06:00:03,0.805,11203072837691991835760705447444776056390927666675259445088047055269943846291
76,2026-06-07 06:30:03,0.805,11203072837691991835760705447444776056390927666675259445088047055269943846291
77,2026-06-07 07:00:03,0.805,11203072837691991835760705447444776056390927666675259445088047055269943846291
78,2026-06-07 07:30:03,0.805,11203072837691991835760705447444776056390927666675259445088047055269943846291
79,2026-06-07 08:00:03,0.805,11203072837691991835760705447444776056390927666675259445088047055269943846291
80,2026-06-07 08:30:04,0.805,11203072837691991835760705447444776056390927666675259445088047055269943846291
81,2026-06-07 09:00:03,0.805,11203072837691991835760705447444776056390927666675259445088047055269943846291
82,2026-06-07 09:30:04,0.805,11203072837691991835760705447444776056390927666675259445088047055269943846291
83,2026-06-07 10:00:03,0.805,11203072837691991835760705447444776056390927666675259445088047055269943846291
84,2026-06-07 10:30:04,0.805,11203072837691991835760705447444776056390927666675259445088047055269943846291
85,2026-06-07 11:00:04,0.79,11203072837691991835760705447444776056390927666675259445088047055269943846291
86,2026-06-07 11:30:03,0.79,11203072837691991835760705447444776056390927666675259445088047055269943846291
87,2026-06-07 12:00:03,0.79,11203072837691991835760705447444776056390927666675259445088047055269943846291
88,2026-06-07 12:30:03,0.79,11203072837691991835760705447444776056390927666675259445088047055269943846291
89,2026-06-07 13:00:16,0.79,11203072837691991835760705447444776056390927666675259445088047055269943846291
90,2026-06-07 13:30:04,0.79,11203072837691991835760705447444776056390927666675259445088047055269943846291
91,2026-06-07 14:00:18,0.79,11203072837691991835760705447444776056390927666675259445088047055269943846291
92,2026-06-07 14:30:03,0.785,11203072837691991835760705447444776056390927666675259445088047055269943846291
93,2026-06-07 15:00:03,0.79,11203072837691991835760705447444776056390927666675259445088047055269943846291
94,2026-06-07 15:30:03,0.79,11203072837691991835760705447444776056390927666675259445088047055269943846291
95,2026-06-07 16:00:04,0.79,11203072837691991835760705447444776056390927666675259445088047055269943846291
96,2026-06-07 16:30:04,0.79,11203072837691991835760705447444776056390927666675259445088047055269943846291
97,2026-06-07 17:00:04,0.79,11203072837691991835760705447444776056390927666675259445088047055269943846291
98,2026-06-07 17:30:04,0.79,11203072837691991835760705447444776056390927666675259445088047055269943846291
99,2026-06-07 18:00:04,0.79,11203072837691991835760705447444776056390927666675259445088047055269943846291
100,2026-06-07 18:30:04,0.79,11203072837691991835760705447444776056390927666675259445088047055269943846291
101,2026-06-07 19:00:05,0.79,11203072837691991835760705447444776056390927666675259445088047055269943846291
102,2026-06-07 19:30:04,0.79,11203072837691991835760705447444776056390927666675259445088047055269943846291
103,2026-06-07 20:00:03,0.79,11203072837691991835760705447444776056390927666675259445088047055269943846291
104,2026-06-07 20:30:03,0.79,11203072837691991835760705447444776056390927666675259445088047055269943846291
105,2026-06-07 21:00:04,0.79,11203072837691991835760705447444776056390927666675259445088047055269943846291
106,2026-06-07 21:30:19,0.79,11203072837691991835760705447444776056390927666675259445088047055269943846291
107,2026-06-07 22:00:03,0.79,11203072837691991835760705447444776056390927666675259445088047055269943846291
108,2026-06-07 22:30:04,0.79,11203072837691991835760705447444776056390927666675259445088047055269943846291
109,2026-06-07 23:00:03,0.79,11203072837691991835760705447444776056390927666675259445088047055269943846291
110,2026-06-07 23:30:03,0.79,11203072837691991835760705447444776056390927666675259445088047055269943846291
111,2026-06-08 00:00:03,0.79,11203072837691991835760705447444776056390927666675259445088047055269943846291
112,2026-06-08 00:30:03,0.79,11203072837691991835760705447444776056390927666675259445088047055269943846291
113,2026-06-08 01:00:03,0.79,11203072837691991835760705447444776056390927666675259445088047055269943846291
114,2026-06-08 01:30:16,0.785,11203072837691991835760705447444776056390927666675259445088047055269943846291
115,2026-06-08 02:00:04,0.785,11203072837691991835760705447444776056390927666675259445088047055269943846291
116,2026-06-08 02:30:04,0.785,11203072837691991835760705447444776056390927666675259445088047055269943846291
117,2026-06-08 03:00:02,0.785,11203072837691991835760705447444776056390927666675259445088047055269943846291
118,2026-06-08 03:30:03,0.785,11203072837691991835760705447444776056390927666675259445088047055269943846291
119,2026-06-08 04:00:03,0.785,11203072837691991835760705447444776056390927666675259445088047055269943846291
120,2026-06-08 04:30:03,0.785,11203072837691991835760705447444776056390927666675259445088047055269943846291
121,2026-06-08 05:00:03,0.785,11203072837691991835760705447444776056390927666675259445088047055269943846291
122,2026-06-08 05:30:03,0.785,11203072837691991835760705447444776056390927666675259445088047055269943846291
123,2026-06-08 06:00:03,0.785,11203072837691991835760705447444776056390927666675259445088047055269943846291
124,2026-06-08 06:30:15,0.785,11203072837691991835760705447444776056390927666675259445088047055269943846291
125,2026-06-08 07:00:04,0.785,11203072837691991835760705447444776056390927666675259445088047055269943846291
126,2026-06-08 07:30:04,0.785,11203072837691991835760705447444776056390927666675259445088047055269943846291
127,2026-06-08 08:00:03,0.785,11203072837691991835760705447444776056390927666675259445088047055269943846291
128,2026-06-08 08:30:03,0.785,11203072837691991835760705447444776056390927666675259445088047055269943846291
129,2026-06-08 09:00:03,0.79,11203072837691991835760705447444776056390927666675259445088047055269943846291
130,2026-06-08 09:30:03,0.79,11203072837691991835760705447444776056390927666675259445088047055269943846291
131,2026-06-08 10:00:03,0.79,11203072837691991835760705447444776056390927666675259445088047055269943846291
132,2026-06-08 10:30:03,0.79,11203072837691991835760705447444776056390927666675259445088047055269943846291
133,2026-06-08 11:00:03,0.79,11203072837691991835760705447444776056390927666675259445088047055269943846291
134,2026-06-08 11:30:18,0.79,11203072837691991835760705447444776056390927666675259445088047055269943846291
135,2026-06-08 12:00:03,0.79,11203072837691991835760705447444776056390927666675259445088047055269943846291
136,2026-06-08 12:30:04,0.79,11203072837691991835760705447444776056390927666675259445088047055269943846291
137,2026-06-08 13:00:03,0.79,11203072837691991835760705447444776056390927666675259445088047055269943846291
138,2026-06-08 13:30:04,0.79,11203072837691991835760705447444776056390927666675259445088047055269943846291
139,2026-06-08 14:00:03,0.79,11203072837691991835760705447444776056390927666675259445088047055269943846291
140,2026-06-08 14:30:18,0.79,11203072837691991835760705447444776056390927666675259445088047055269943846291
141,2026-06-08 15:00:03,0.79,11203072837691991835760705447444776056390927666675259445088047055269943846291
142,2026-06-08 15:30:03,0.79,11203072837691991835760705447444776056390927666675259445088047055269943846291
143,2026-06-08 16:00:04,0.79,11203072837691991835760705447444776056390927666675259445088047055269943846291
144,2026-06-08 16:30:04,0.79,11203072837691991835760705447444776056390927666675259445088047055269943846291
145,2026-06-08 17:00:04,0.79,11203072837691991835760705447444776056390927666675259445088047055269943846291
146,2026-06-08 17:30:03,0.79,11203072837691991835760705447444776056390927666675259445088047055269943846291
147,2026-06-08 18:00:04,0.79,11203072837691991835760705447444776056390927666675259445088047055269943846291
148,2026-06-08 18:30:03,0.79,11203072837691991835760705447444776056390927666675259445088047055269943846291
149,2026-06-08 19:00:04,0.79,11203072837691991835760705447444776056390927666675259445088047055269943846291
150,2026-06-08 19:30:03,0.79,11203072837691991835760705447444776056390927666675259445088047055269943846291
151,2026-06-08 20:00:05,0.79,11203072837691991835760705447444776056390927666675259445088047055269943846291
152,2026-06-08 20:30:03,0.79,11203072837691991835760705447444776056390927666675259445088047055269943846291
153,2026-06-08 21:00:04,0.79,11203072837691991835760705447444776056390927666675259445088047055269943846291
154,2026-06-08 21:30:03,0.79,11203072837691991835760705447444776056390927666675259445088047055269943846291
155,2026-06-08 22:00:03,0.79,11203072837691991835760705447444776056390927666675259445088047055269943846291
156,2026-06-08 22:30:17,0.79,11203072837691991835760705447444776056390927666675259445088047055269943846291
157,2026-06-08 23:00:03,0.79,11203072837691991835760705447444776056390927666675259445088047055269943846291
158,2026-06-08 23:30:03,0.79,11203072837691991835760705447444776056390927666675259445088047055269943846291
159,2026-06-09 00:00:03,0.79,11203072837691991835760705447444776056390927666675259445088047055269943846291
160,2026-06-09 00:30:03,0.79,11203072837691991835760705447444776056390927666675259445088047055269943846291
161,2026-06-09 01:00:03,0.79,11203072837691991835760705447444776056390927666675259445088047055269943846291
162,2026-06-09 01:30:04,0.79,11203072837691991835760705447444776056390927666675259445088047055269943846291
163,2026-06-09 02:00:03,0.79,11203072837691991835760705447444776056390927666675259445088047055269943846291
164,2026-06-09 02:30:03,0.785,11203072837691991835760705447444776056390927666675259445088047055269943846291
165,2026-06-09 03:00:04,0.785,11203072837691991835760705447444776056390927666675259445088047055269943846291
166,2026-06-09 03:30:04,0.785,11203072837691991835760705447444776056390927666675259445088047055269943846291
167,2026-06-09 04:00:03,0.785,11203072837691991835760705447444776056390927666675259445088047055269943846291
168,2026-06-09 04:30:04,0.785,11203072837691991835760705447444776056390927666675259445088047055269943846291
169,2026-06-09 05:00:03,0.785,11203072837691991835760705447444776056390927666675259445088047055269943846291
170,2026-06-09 05:30:04,0.785,11203072837691991835760705447444776056390927666675259445088047055269943846291
171,2026-06-09 06:00:03,0.785,11203072837691991835760705447444776056390927666675259445088047055269943846291
172,2026-06-09 06:30:03,0.785,11203072837691991835760705447444776056390927666675259445088047055269943846291
173,2026-06-09 07:00:03,0.785,11203072837691991835760705447444776056390927666675259445088047055269943846291
174,2026-06-09 07:30:03,0.785,11203072837691991835760705447444776056390927666675259445088047055269943846291
175,2026-06-09 08:00:03,0.785,11203072837691991835760705447444776056390927666675259445088047055269943846291
176,2026-06-09 08:30:03,0.785,11203072837691991835760705447444776056390927666675259445088047055269943846291
177,2026-06-09 09:00:03,0.785,11203072837691991835760705447444776056390927666675259445088047055269943846291
178,2026-06-09 09:30:03,0.785,11203072837691991835760705447444776056390927666675259445088047055269943846291
179,2026-06-09 10:00:03,0.785,11203072837691991835760705447444776056390927666675259445088047055269943846291
180,2026-06-09 10:30:03,0.785,11203072837691991835760705447444776056390927666675259445088047055269943846291
181,2026-06-09 11:00:03,0.785,11203072837691991835760705447444776056390927666675259445088047055269943846291
182,2026-06-09 11:30:03,0.785,11203072837691991835760705447444776056390927666675259445088047055269943846291
183,2026-06-09 12:00:03,0.785,11203072837691991835760705447444776056390927666675259445088047055269943846291
184,2026-06-09 12:30:04,0.785,11203072837691991835760705447444776056390927666675259445088047055269943846291
185,2026-06-09 13:00:03,0.785,11203072837691991835760705447444776056390927666675259445088047055269943846291
186,2026-06-09 13:30:03,0.785,11203072837691991835760705447444776056390927666675259445088047055269943846291
187,2026-06-09 14:00:04,0.785,11203072837691991835760705447444776056390927666675259445088047055269943846291
188,2026-06-09 14:30:03,0.785,11203072837691991835760705447444776056390927666675259445088047055269943846291
189,2026-06-09 15:00:19,0.785,11203072837691991835760705447444776056390927666675259445088047055269943846291
190,2026-06-09 15:30:04,0.785,11203072837691991835760705447444776056390927666675259445088047055269943846291
191,2026-06-09 16:00:06,0.785,11203072837691991835760705447444776056390927666675259445088047055269943846291
192,2026-06-09 16:30:04,0.785,11203072837691991835760705447444776056390927666675259445088047055269943846291
193,2026-06-09 17:00:04,0.785,11203072837691991835760705447444776056390927666675259445088047055269943846291
194,2026-06-09 17:30:20,0.785,11203072837691991835760705447444776056390927666675259445088047055269943846291
195,2026-06-09 18:00:03,0.785,11203072837691991835760705447444776056390927666675259445088047055269943846291
196,2026-06-09 18:30:03,0.785,11203072837691991835760705447444776056390927666675259445088047055269943846291
197,2026-06-09 19:00:03,0.765,11203072837691991835760705447444776056390927666675259445088047055269943846291
198,2026-06-09 19:30:03,0.765,11203072837691991835760705447444776056390927666675259445088047055269943846291
199,2026-06-09 20:00:04,0.765,11203072837691991835760705447444776056390927666675259445088047055269943846291
200,2026-06-09 20:30:03,0.765,11203072837691991835760705447444776056390927666675259445088047055269943846291
201,2026-06-09 21:00:04,0.765,11203072837691991835760705447444776056390927666675259445088047055269943846291
202,2026-06-09 21:30:03,0.765,11203072837691991835760705447444776056390927666675259445088047055269943846291
203,2026-06-09 22:00:03,0.765,11203072837691991835760705447444776056390927666675259445088047055269943846291
204,2026-06-09 22:30:04,0.765,11203072837691991835760705447444776056390927666675259445088047055269943846291
205,2026-06-09 23:00:04,0.765,11203072837691991835760705447444776056390927666675259445088047055269943846291
206,2026-06-09 23:30:04,0.765,11203072837691991835760705447444776056390927666675259445088047055269943846291
207,2026-06-10 00:00:04,0.765,11203072837691991835760705447444776056390927666675259445088047055269943846291
208,2026-06-10 00:30:04,0.765,11203072837691991835760705447444776056390927666675259445088047055269943846291
209,2026-06-10 01:00:04,0.765,11203072837691991835760705447444776056390927666675259445088047055269943846291
210,2026-06-10 01:30:04,0.765,11203072837691991835760705447444776056390927666675259445088047055269943846291
211,2026-06-10 02:00:04,0.765,11203072837691991835760705447444776056390927666675259445088047055269943846291
212,2026-06-10 02:30:04,0.765,11203072837691991835760705447444776056390927666675259445088047055269943846291
213,2026-06-10 03:00:04,0.765,11203072837691991835760705447444776056390927666675259445088047055269943846291
214,2026-06-10 03:30:03,0.76,11203072837691991835760705447444776056390927666675259445088047055269943846291
215,2026-06-10 04:00:03,0.76,11203072837691991835760705447444776056390927666675259445088047055269943846291
216,2026-06-10 04:30:37,0.755,11203072837691991835760705447444776056390927666675259445088047055269943846291
217,2026-06-10 05:00:03,0.76,11203072837691991835760705447444776056390927666675259445088047055269943846291
218,2026-06-10 05:30:06,0.755,11203072837691991835760705447444776056390927666675259445088047055269943846291
219,2026-06-10 06:00:03,0.76,11203072837691991835760705447444776056390927666675259445088047055269943846291
220,2026-06-10 06:30:04,0.755,11203072837691991835760705447444776056390927666675259445088047055269943846291
221,2026-06-10 07:00:04,0.76,11203072837691991835760705447444776056390927666675259445088047055269943846291
222,2026-06-10 07:30:05,0.755,11203072837691991835760705447444776056390927666675259445088047055269943846291
223,2026-06-10 08:00:03,0.755,11203072837691991835760705447444776056390927666675259445088047055269943846291
224,2026-06-10 08:30:03,0.755,11203072837691991835760705447444776056390927666675259445088047055269943846291
225,2026-06-10 09:00:03,0.755,11203072837691991835760705447444776056390927666675259445088047055269943846291
226,2026-06-10 09:30:03,0.755,11203072837691991835760705447444776056390927666675259445088047055269943846291
227,2026-06-10 10:00:03,0.755,11203072837691991835760705447444776056390927666675259445088047055269943846291
228,2026-06-10 10:30:03,0.76,11203072837691991835760705447444776056390927666675259445088047055269943846291
229,2026-06-10 11:00:03,0.76,11203072837691991835760705447444776056390927666675259445088047055269943846291
230,2026-06-10 11:30:03,0.755,11203072837691991835760705447444776056390927666675259445088047055269943846291
231,2026-06-10 12:00:03,0.755,11203072837691991835760705447444776056390927666675259445088047055269943846291
232,2026-06-10 12:30:03,0.755,11203072837691991835760705447444776056390927666675259445088047055269943846291
233,2026-06-10 13:00:03,0.76,11203072837691991835760705447444776056390927666675259445088047055269943846291
234,2026-06-10 13:30:03,0.76,11203072837691991835760705447444776056390927666675259445088047055269943846291
235,2026-06-10 14:00:04,0.755,11203072837691991835760705447444776056390927666675259445088047055269943846291
236,2026-06-10 14:30:04,0.76,11203072837691991835760705447444776056390927666675259445088047055269943846291
237,2026-06-10 15:00:04,0.76,11203072837691991835760705447444776056390927666675259445088047055269943846291
238,2026-06-10 15:30:03,0.755,11203072837691991835760705447444776056390927666675259445088047055269943846291
239,2026-06-10 16:00:04,0.755,11203072837691991835760705447444776056390927666675259445088047055269943846291
240,2026-06-10 16:30:04,0.755,11203072837691991835760705447444776056390927666675259445088047055269943846291
241,2026-06-10 17:00:04,0.755,11203072837691991835760705447444776056390927666675259445088047055269943846291
242,2026-06-10 17:30:04,0.755,11203072837691991835760705447444776056390927666675259445088047055269943846291
243,2026-06-10 18:00:04,0.755,11203072837691991835760705447444776056390927666675259445088047055269943846291
244,2026-06-10 18:30:04,0.76,11203072837691991835760705447444776056390927666675259445088047055269943846291
245,2026-06-10 19:00:05,0.76,11203072837691991835760705447444776056390927666675259445088047055269943846291
246,2026-06-10 19:30:04,0.76,11203072837691991835760705447444776056390927666675259445088047055269943846291
247,2026-06-10 20:00:05,0.76,11203072837691991835760705447444776056390927666675259445088047055269943846291
248,2026-06-10 20:30:04,0.765,11203072837691991835760705447444776056390927666675259445088047055269943846291
249,2026-06-10 21:00:04,0.765,11203072837691991835760705447444776056390927666675259445088047055269943846291
250,2026-06-10 21:30:05,0.765,11203072837691991835760705447444776056390927666675259445088047055269943846291
251,2026-06-10 22:00:04,0.765,11203072837691991835760705447444776056390927666675259445088047055269943846291
252,2026-06-10 22:30:04,0.765,11203072837691991835760705447444776056390927666675259445088047055269943846291
253,2026-06-10 23:00:03,0.765,11203072837691991835760705447444776056390927666675259445088047055269943846291
254,2026-06-10 23:30:04,0.765,11203072837691991835760705447444776056390927666675259445088047055269943846291
255,2026-06-11 00:00:05,0.765,11203072837691991835760705447444776056390927666675259445088047055269943846291
256,2026-06-11 00:30:04,0.765,11203072837691991835760705447444776056390927666675259445088047055269943846291
257,2026-06-11 01:00:04,0.765,11203072837691991835760705447444776056390927666675259445088047055269943846291
258,2026-06-11 01:30:04,0.765,11203072837691991835760705447444776056390927666675259445088047055269943846291
259,2026-06-11 02:00:03,0.755,11203072837691991835760705447444776056390927666675259445088047055269943846291
260,2026-06-11 02:30:03,0.755,11203072837691991835760705447444776056390927666675259445088047055269943846291
261,2026-06-11 03:00:04,0.76,11203072837691991835760705447444776056390927666675259445088047055269943846291
262,2026-06-11 03:30:03,0.76,11203072837691991835760705447444776056390927666675259445088047055269943846291
263,2026-06-11 04:00:19,0.765,11203072837691991835760705447444776056390927666675259445088047055269943846291
264,2026-06-11 04:30:04,0.77,11203072837691991835760705447444776056390927666675259445088047055269943846291
265,2026-06-11 05:00:04,0.77,11203072837691991835760705447444776056390927666675259445088047055269943846291
266,2026-06-11 05:30:04,0.77,11203072837691991835760705447444776056390927666675259445088047055269943846291
267,2026-06-11 06:00:04,0.77,11203072837691991835760705447444776056390927666675259445088047055269943846291
268,2026-06-11 06:30:03,0.77,11203072837691991835760705447444776056390927666675259445088047055269943846291
269,2026-06-11 07:00:16,0.77,11203072837691991835760705447444776056390927666675259445088047055269943846291
270,2026-06-11 07:30:04,0.77,11203072837691991835760705447444776056390927666675259445088047055269943846291
271,2026-06-11 08:00:18,0.77,11203072837691991835760705447444776056390927666675259445088047055269943846291
272,2026-06-11 08:30:03,0.77,11203072837691991835760705447444776056390927666675259445088047055269943846291
273,2026-06-11 09:00:03,0.77,11203072837691991835760705447444776056390927666675259445088047055269943846291
274,2026-06-11 09:30:04,0.77,11203072837691991835760705447444776056390927666675259445088047055269943846291
275,2026-06-11 10:00:04,0.77,11203072837691991835760705447444776056390927666675259445088047055269943846291
276,2026-06-11 10:30:03,0.77,11203072837691991835760705447444776056390927666675259445088047055269943846291
277,2026-06-11 11:00:16,0.77,11203072837691991835760705447444776056390927666675259445088047055269943846291
278,2026-06-11 11:30:04,0.77,11203072837691991835760705447444776056390927666675259445088047055269943846291
279,2026-06-11 12:00:03,0.775,11203072837691991835760705447444776056390927666675259445088047055269943846291
280,2026-06-11 12:30:04,0.775,11203072837691991835760705447444776056390927666675259445088047055269943846291
281,2026-06-11 13:00:04,0.775,11203072837691991835760705447444776056390927666675259445088047055269943846291
282,2026-06-11 13:30:03,0.775,11203072837691991835760705447444776056390927666675259445088047055269943846291
283,2026-06-11 14:00:04,0.775,11203072837691991835760705447444776056390927666675259445088047055269943846291
284,2026-06-11 14:30:04,0.775,11203072837691991835760705447444776056390927666675259445088047055269943846291
285,2026-06-11 15:00:03,0.775,11203072837691991835760705447444776056390927666675259445088047055269943846291
286,2026-06-11 15:30:16,0.775,11203072837691991835760705447444776056390927666675259445088047055269943846291
287,2026-06-11 16:00:17,0.775,11203072837691991835760705447444776056390927666675259445088047055269943846291
288,2026-06-11 16:30:03,0.775,11203072837691991835760705447444776056390927666675259445088047055269943846291
289,2026-06-11 17:00:04,0.78,11203072837691991835760705447444776056390927666675259445088047055269943846291
290,2026-06-11 17:30:20,0.775,11203072837691991835760705447444776056390927666675259445088047055269943846291
291,2026-06-11 18:00:05,0.775,11203072837691991835760705447444776056390927666675259445088047055269943846291
292,2026-06-11 18:30:04,0.775,11203072837691991835760705447444776056390927666675259445088047055269943846291
293,2026-06-11 19:00:04,0.775,11203072837691991835760705447444776056390927666675259445088047055269943846291
294,2026-06-11 19:30:18,0.78,11203072837691991835760705447444776056390927666675259445088047055269943846291
295,2026-06-11 20:00:04,0.78,11203072837691991835760705447444776056390927666675259445088047055269943846291
296,2026-06-11 20:30:04,0.78,11203072837691991835760705447444776056390927666675259445088047055269943846291
297,2026-06-11 21:00:04,0.775,11203072837691991835760705447444776056390927666675259445088047055269943846291
298,2026-06-11 21:30:03,0.78,11203072837691991835760705447444776056390927666675259445088047055269943846291
299,2026-06-11 22:00:04,0.78,11203072837691991835760705447444776056390927666675259445088047055269943846291
300,2026-06-11 22:30:18,0.78,11203072837691991835760705447444776056390927666675259445088047055269943846291
301,2026-06-11 23:00:03,0.78,11203072837691991835760705447444776056390927666675259445088047055269943846291
302,2026-06-11 23:30:17,0.78,11203072837691991835760705447444776056390927666675259445088047055269943846291
303,2026-06-12 00:00:04,0.78,11203072837691991835760705447444776056390927666675259445088047055269943846291
304,2026-06-12 00:30:03,0.78,11203072837691991835760705447444776056390927666675259445088047055269943846291
305,2026-06-12 01:00:04,0.78,11203072837691991835760705447444776056390927666675259445088047055269943846291
306,2026-06-12 01:30:04,0.78,11203072837691991835760705447444776056390927666675259445088047055269943846291
307,2026-06-12 02:00:03,0.78,11203072837691991835760705447444776056390927666675259445088047055269943846291
308,2026-06-12 02:30:03,0.775,11203072837691991835760705447444776056390927666675259445088047055269943846291
309,2026-06-12 03:00:03,0.795,11203072837691991835760705447444776056390927666675259445088047055269943846291
310,2026-06-12 03:30:03,0.795,11203072837691991835760705447444776056390927666675259445088047055269943846291
311,2026-06-12 04:00:03,0.795,11203072837691991835760705447444776056390927666675259445088047055269943846291
312,2026-06-12 04:30:04,0.795,11203072837691991835760705447444776056390927666675259445088047055269943846291
313,2026-06-12 05:00:03,0.805,11203072837691991835760705447444776056390927666675259445088047055269943846291
314,2026-06-12 05:30:04,0.805,11203072837691991835760705447444776056390927666675259445088047055269943846291
315,2026-06-12 06:00:03,0.805,11203072837691991835760705447444776056390927666675259445088047055269943846291
316,2026-06-12 06:30:03,0.795,11203072837691991835760705447444776056390927666675259445088047055269943846291
317,2026-06-12 07:00:04,0.795,11203072837691991835760705447444776056390927666675259445088047055269943846291
318,2026-06-12 07:30:03,0.795,11203072837691991835760705447444776056390927666675259445088047055269943846291
319,2026-06-12 08:00:03,0.795,11203072837691991835760705447444776056390927666675259445088047055269943846291
320,2026-06-12 08:30:04,0.805,11203072837691991835760705447444776056390927666675259445088047055269943846291
321,2026-06-12 09:00:03,0.8,11203072837691991835760705447444776056390927666675259445088047055269943846291
322,2026-06-12 09:30:04,0.8,11203072837691991835760705447444776056390927666675259445088047055269943846291
323,2026-06-12 10:00:04,0.8,11203072837691991835760705447444776056390927666675259445088047055269943846291
324,2026-06-12 10:30:03,0.8,11203072837691991835760705447444776056390927666675259445088047055269943846291
325,2026-06-12 11:00:04,0.8,11203072837691991835760705447444776056390927666675259445088047055269943846291
326,2026-06-12 11:30:04,0.805,11203072837691991835760705447444776056390927666675259445088047055269943846291
327,2026-06-12 12:00:03,0.805,11203072837691991835760705447444776056390927666675259445088047055269943846291
328,2026-06-12 12:30:03,0.805,11203072837691991835760705447444776056390927666675259445088047055269943846291
329,2026-06-12 13:00:03,0.805,11203072837691991835760705447444776056390927666675259445088047055269943846291
330,2026-06-12 13:30:04,0.805,11203072837691991835760705447444776056390927666675259445088047055269943846291
331,2026-06-12 14:00:04,0.805,11203072837691991835760705447444776056390927666675259445088047055269943846291
332,2026-06-12 14:30:03,0.805,11203072837691991835760705447444776056390927666675259445088047055269943846291
333,2026-06-12 15:00:18,0.785,11203072837691991835760705447444776056390927666675259445088047055269943846291
334,2026-06-12 15:30:04,0.785,11203072837691991835760705447444776056390927666675259445088047055269943846291
335,2026-06-12 16:00:04,0.78,11203072837691991835760705447444776056390927666675259445088047055269943846291
336,2026-06-12 16:30:04,0.795,11203072837691991835760705447444776056390927666675259445088047055269943846291
337,2026-06-12 17:00:03,0.79,11203072837691991835760705447444776056390927666675259445088047055269943846291
338,2026-06-12 17:30:04,0.79,11203072837691991835760705447444776056390927666675259445088047055269943846291
339,2026-06-12 18:00:04,0.795,11203072837691991835760705447444776056390927666675259445088047055269943846291
340,2026-06-12 18:30:04,0.79,11203072837691991835760705447444776056390927666675259445088047055269943846291
341,2026-06-12 19:00:03,0.79,11203072837691991835760705447444776056390927666675259445088047055269943846291
342,2026-06-12 19:30:04,0.79,11203072837691991835760705447444776056390927666675259445088047055269943846291
343,2026-06-12 20:00:04,0.795,11203072837691991835760705447444776056390927666675259445088047055269943846291
344,2026-06-12 20:30:03,0.79,11203072837691991835760705447444776056390927666675259445088047055269943846291
345,2026-06-12 21:00:04,0.785,11203072837691991835760705447444776056390927666675259445088047055269943846291
346,2026-06-12 21:30:04,0.785,11203072837691991835760705447444776056390927666675259445088047055269943846291
347,2026-06-12 22:00:05,0.785,11203072837691991835760705447444776056390927666675259445088047055269943846291
348,2026-06-12 22:30:05,0.785,11203072837691991835760705447444776056390927666675259445088047055269943846291
349,2026-06-12 23:00:04,0.785,11203072837691991835760705447444776056390927666675259445088047055269943846291
350,2026-06-12 23:30:04,0.785,11203072837691991835760705447444776056390927666675259445088047055269943846291
351,2026-06-13 00:00:04,0.785,11203072837691991835760705447444776056390927666675259445088047055269943846291
352,2026-06-13 00:30:04,0.785,11203072837691991835760705447444776056390927666675259445088047055269943846291
353,2026-06-13 01:00:04,0.785,11203072837691991835760705447444776056390927666675259445088047055269943846291
354,2026-06-13 01:30:04,0.785,11203072837691991835760705447444776056390927666675259445088047055269943846291
355,2026-06-13 02:00:05,0.79,11203072837691991835760705447444776056390927666675259445088047055269943846291
356,2026-06-13 02:30:04,0.785,11203072837691991835760705447444776056390927666675259445088047055269943846291
357,2026-06-13 03:00:03,0.785,11203072837691991835760705447444776056390927666675259445088047055269943846291
358,2026-06-13 03:30:04,0.785,11203072837691991835760705447444776056390927666675259445088047055269943846291
359,2026-06-13 04:00:04,0.785,11203072837691991835760705447444776056390927666675259445088047055269943846291
360,2026-06-13 04:30:04,0.785,11203072837691991835760705447444776056390927666675259445088047055269943846291
361,2026-06-13 05:00:17,0.785,11203072837691991835760705447444776056390927666675259445088047055269943846291
362,2026-06-13 05:30:03,0.785,11203072837691991835760705447444776056390927666675259445088047055269943846291
363,2026-06-13 06:00:03,0.785,11203072837691991835760705447444776056390927666675259445088047055269943846291
364,2026-06-13 06:30:05,0.785,11203072837691991835760705447444776056390927666675259445088047055269943846291
365,2026-06-13 07:00:06,0.785,11203072837691991835760705447444776056390927666675259445088047055269943846291
366,2026-06-13 07:30:03,0.785,11203072837691991835760705447444776056390927666675259445088047055269943846291
367,2026-06-13 08:00:04,0.785,11203072837691991835760705447444776056390927666675259445088047055269943846291
368,2026-06-13 08:30:04,0.78,11203072837691991835760705447444776056390927666675259445088047055269943846291
369,2026-06-13 09:00:06,0.78,11203072837691991835760705447444776056390927666675259445088047055269943846291
370,2026-06-13 09:30:14,0.78,11203072837691991835760705447444776056390927666675259445088047055269943846291
371,2026-06-13 10:00:05,0.78,11203072837691991835760705447444776056390927666675259445088047055269943846291
372,2026-06-13 10:30:04,0.78,11203072837691991835760705447444776056390927666675259445088047055269943846291
373,2026-06-13 11:00:04,0.78,11203072837691991835760705447444776056390927666675259445088047055269943846291
374,2026-06-13 11:30:04,0.78,11203072837691991835760705447444776056390927666675259445088047055269943846291
375,2026-06-13 12:00:07,0.78,11203072837691991835760705447444776056390927666675259445088047055269943846291
376,2026-06-13 12:30:04,0.78,11203072837691991835760705447444776056390927666675259445088047055269943846291
377,2026-06-13 13:00:03,0.775,11203072837691991835760705447444776056390927666675259445088047055269943846291
378,2026-06-13 13:30:04,0.775,11203072837691991835760705447444776056390927666675259445088047055269943846291
379,2026-06-13 14:00:04,0.775,11203072837691991835760705447444776056390927666675259445088047055269943846291
380,2026-06-13 14:30:03,0.78,11203072837691991835760705447444776056390927666675259445088047055269943846291
381,2026-06-13 15:00:05,0.78,11203072837691991835760705447444776056390927666675259445088047055269943846291
382,2026-06-13 15:30:04,0.78,11203072837691991835760705447444776056390927666675259445088047055269943846291
383,2026-06-13 16:00:03,0.78,11203072837691991835760705447444776056390927666675259445088047055269943846291
384,2026-06-13 16:30:04,0.78,11203072837691991835760705447444776056390927666675259445088047055269943846291
385,2026-06-13 17:00:18,0.78,11203072837691991835760705447444776056390927666675259445088047055269943846291
386,2026-06-13 17:30:04,0.79,11203072837691991835760705447444776056390927666675259445088047055269943846291
387,2026-06-13 18:00:06,0.78,11203072837691991835760705447444776056390927666675259445088047055269943846291
388,2026-06-13 18:30:03,0.78,11203072837691991835760705447444776056390927666675259445088047055269943846291
389,2026-06-13 19:00:03,0.78,11203072837691991835760705447444776056390927666675259445088047055269943846291
390,2026-06-13 19:30:04,0.78,11203072837691991835760705447444776056390927666675259445088047055269943846291
391,2026-06-13 20:00:04,0.78,11203072837691991835760705447444776056390927666675259445088047055269943846291
392,2026-06-13 20:30:04,0.78,11203072837691991835760705447444776056390927666675259445088047055269943846291
393,2026-06-13 21:00:05,0.78,11203072837691991835760705447444776056390927666675259445088047055269943846291
394,2026-06-13 21:30:04,0.78,11203072837691991835760705447444776056390927666675259445088047055269943846291
395,2026-06-13 22:00:07,0.78,11203072837691991835760705447444776056390927666675259445088047055269943846291
396,2026-06-13 22:30:04,0.795,11203072837691991835760705447444776056390927666675259445088047055269943846291
397,2026-06-13 23:00:05,0.795,11203072837691991835760705447444776056390927666675259445088047055269943846291
398,2026-06-13 23:30:05,0.795,11203072837691991835760705447444776056390927666675259445088047055269943846291
399,2026-06-14 00:00:07,0.795,11203072837691991835760705447444776056390927666675259445088047055269943846291
400,2026-06-14 00:30:06,0.795,11203072837691991835760705447444776056390927666675259445088047055269943846291
401,2026-06-14 01:00:06,0.775,11203072837691991835760705447444776056390927666675259445088047055269943846291
402,2026-06-14 01:30:16,0.775,11203072837691991835760705447444776056390927666675259445088047055269943846291
403,2026-06-14 02:00:05,0.84,11203072837691991835760705447444776056390927666675259445088047055269943846291
404,2026-06-14 02:30:04,0.875,11203072837691991835760705447444776056390927666675259445088047055269943846291
405,2026-06-14 03:00:04,0.895,11203072837691991835760705447444776056390927666675259445088047055269943846291
406,2026-06-14 03:30:03,0.885,11203072837691991835760705447444776056390927666675259445088047055269943846291
407,2026-06-14 04:00:05,0.88,11203072837691991835760705447444776056390927666675259445088047055269943846291
408,2026-06-14 04:30:04,0.905,11203072837691991835760705447444776056390927666675259445088047055269943846291
409,2026-06-14 05:00:18,0.905,11203072837691991835760705447444776056390927666675259445088047055269943846291
410,2026-06-14 05:30:04,0.895,11203072837691991835760705447444776056390927666675259445088047055269943846291
411,2026-06-14 06:00:06,0.9,11203072837691991835760705447444776056390927666675259445088047055269943846291
412,2026-06-14 06:30:05,0.915,11203072837691991835760705447444776056390927666675259445088047055269943846291
413,2026-06-14 07:00:05,0.92,11203072837691991835760705447444776056390927666675259445088047055269943846291
414,2026-06-14 07:30:04,0.91,11203072837691991835760705447444776056390927666675259445088047055269943846291
415,2026-06-14 08:00:04,0.925,11203072837691991835760705447444776056390927666675259445088047055269943846291
416,2026-06-14 08:30:04,0.94,11203072837691991835760705447444776056390927666675259445088047055269943846291
417,2026-06-14 09:00:04,0.94,11203072837691991835760705447444776056390927666675259445088047055269943846291
418,2026-06-14 09:30:05,0.94,11203072837691991835760705447444776056390927666675259445088047055269943846291
419,2026-06-14 10:00:07,0.955,11203072837691991835760705447444776056390927666675259445088047055269943846291
420,2026-06-14 10:30:04,0.9595,11203072837691991835760705447444776056390927666675259445088047055269943846291
421,2026-06-14 11:00:04,0.959,11203072837691991835760705447444776056390927666675259445088047055269943846291
422,2026-06-14 11:30:22,0.9585,11203072837691991835760705447444776056390927666675259445088047055269943846291
423,2026-06-14 12:00:04,0.9585,11203072837691991835760705447444776056390927666675259445088047055269943846291
424,2026-06-14 12:30:05,0.9585,11203072837691991835760705447444776056390927666675259445088047055269943846291
425,2026-06-14 13:00:06,0.9575,11203072837691991835760705447444776056390927666675259445088047055269943846291
426,2026-06-14 13:30:03,0.9575,11203072837691991835760705447444776056390927666675259445088047055269943846291
427,2026-06-14 14:00:07,0.9575,11203072837691991835760705447444776056390927666675259445088047055269943846291
428,2026-06-14 14:30:03,0.9575,11203072837691991835760705447444776056390927666675259445088047055269943846291
429,2026-06-14 15:00:03,0.9575,11203072837691991835760705447444776056390927666675259445088047055269943846291
430,2026-06-14 15:30:05,0.9575,11203072837691991835760705447444776056390927666675259445088047055269943846291
431,2026-06-14 16:00:06,0.957,11203072837691991835760705447444776056390927666675259445088047055269943846291
432,2026-06-14 16:30:03,0.957,11203072837691991835760705447444776056390927666675259445088047055269943846291
433,2026-06-14 17:00:07,0.957,11203072837691991835760705447444776056390927666675259445088047055269943846291
434,2026-06-14 17:30:05,0.955,11203072837691991835760705447444776056390927666675259445088047055269943846291
435,2026-06-14 18:00:05,0.955,11203072837691991835760705447444776056390927666675259445088047055269943846291
436,2026-06-14 18:30:05,0.9545,11203072837691991835760705447444776056390927666675259445088047055269943846291
437,2026-06-14 19:00:04,0.9545,11203072837691991835760705447444776056390927666675259445088047055269943846291
438,2026-06-14 19:30:04,0.9545,11203072837691991835760705447444776056390927666675259445088047055269943846291
439,2026-06-14 20:00:08,0.9545,11203072837691991835760705447444776056390927666675259445088047055269943846291
440,2026-06-14 20:30:04,0.9545,11203072837691991835760705447444776056390927666675259445088047055269943846291
441,2026-06-14 21:00:03,0.9545,11203072837691991835760705447444776056390927666675259445088047055269943846291
442,2026-06-14 21:30:04,0.9545,11203072837691991835760705447444776056390927666675259445088047055269943846291
443,2026-06-14 22:00:05,0.9545,11203072837691991835760705447444776056390927666675259445088047055269943846291
444,2026-06-14 22:30:05,0.9545,11203072837691991835760705447444776056390927666675259445088047055269943846291
445,2026-06-14 23:00:04,0.9545,11203072837691991835760705447444776056390927666675259445088047055269943846291
446,2026-06-14 23:30:04,0.9545,11203072837691991835760705447444776056390927666675259445088047055269943846291
447,2026-06-15 00:00:03,0.9545,11203072837691991835760705447444776056390927666675259445088047055269943846291
448,2026-06-15 00:30:03,0.954,11203072837691991835760705447444776056390927666675259445088047055269943846291
449,2026-06-15 01:00:05,0.9535,11203072837691991835760705447444776056390927666675259445088047055269943846291
450,2026-06-15 01:30:05,0.952,11203072837691991835760705447444776056390927666675259445088047055269943846291
451,2026-06-15 02:00:04,0.955,11203072837691991835760705447444776056390927666675259445088047055269943846291
452,2026-06-15 02:30:04,0.955,11203072837691991835760705447444776056390927666675259445088047055269943846291
453,2026-06-15 03:00:04,0.955,11203072837691991835760705447444776056390927666675259445088047055269943846291
454,2026-06-15 03:30:04,0.9535,11203072837691991835760705447444776056390927666675259445088047055269943846291
455,2026-06-15 04:00:05,0.953,11203072837691991835760705447444776056390927666675259445088047055269943846291
456,2026-06-15 04:30:04,0.953,11203072837691991835760705447444776056390927666675259445088047055269943846291
457,2026-06-15 05:00:03,0.953,11203072837691991835760705447444776056390927666675259445088047055269943846291
458,2026-06-15 05:30:03,0.9525,11203072837691991835760705447444776056390927666675259445088047055269943846291
459,2026-06-15 06:00:04,0.9525,11203072837691991835760705447444776056390927666675259445088047055269943846291
460,2026-06-15 06:30:15,0.9565,11203072837691991835760705447444776056390927666675259445088047055269943846291
461,2026-06-15 07:00:03,0.956,11203072837691991835760705447444776056390927666675259445088047055269943846291
462,2026-06-15 07:30:03,0.955,11203072837691991835760705447444776056390927666675259445088047055269943846291
463,2026-06-15 08:00:03,0.9545,11203072837691991835760705447444776056390927666675259445088047055269943846291
464,2026-06-15 08:30:04,0.9545,11203072837691991835760705447444776056390927666675259445088047055269943846291
465,2026-06-15 09:00:18,0.9545,11203072837691991835760705447444776056390927666675259445088047055269943846291
466,2026-06-15 09:30:04,0.9545,11203072837691991835760705447444776056390927666675259445088047055269943846291
467,2026-06-15 10:00:05,0.9545,11203072837691991835760705447444776056390927666675259445088047055269943846291
468,2026-06-15 10:30:03,0.9545,11203072837691991835760705447444776056390927666675259445088047055269943846291
469,2026-06-15 11:00:19,0.956,11203072837691991835760705447444776056390927666675259445088047055269943846291
470,2026-06-15 11:30:05,0.9555,11203072837691991835760705447444776056390927666675259445088047055269943846291
471,2026-06-15 12:00:03,0.926,11203072837691991835760705447444776056390927666675259445088047055269943846291
472,2026-06-15 12:30:04,0.9275,11203072837691991835760705447444776056390927666675259445088047055269943846291
473,2026-06-15 13:00:05,0.9385,11203072837691991835760705447444776056390927666675259445088047055269943846291
474,2026-06-15 13:30:04,0.9395,11203072837691991835760705447444776056390927666675259445088047055269943846291
475,2026-06-15 14:00:03,0.9395,11203072837691991835760705447444776056390927666675259445088047055269943846291
476,2026-06-15 14:30:03,0.9405,11203072837691991835760705447444776056390927666675259445088047055269943846291
477,2026-06-15 15:00:03,0.9405,11203072837691991835760705447444776056390927666675259445088047055269943846291
478,2026-06-15 15:30:17,0.9405,11203072837691991835760705447444776056390927666675259445088047055269943846291
479,2026-06-15 16:00:04,0.9405,11203072837691991835760705447444776056390927666675259445088047055269943846291
480,2026-06-15 16:30:06,0.9295,11203072837691991835760705447444776056390927666675259445088047055269943846291
481,2026-06-15 17:00:04,0.9335,11203072837691991835760705447444776056390927666675259445088047055269943846291
482,2026-06-15 17:30:06,0.94,11203072837691991835760705447444776056390927666675259445088047055269943846291
483,2026-06-15 18:00:04,0.94,11203072837691991835760705447444776056390927666675259445088047055269943846291
484,2026-06-15 18:30:04,0.9345,11203072837691991835760705447444776056390927666675259445088047055269943846291
485,2026-06-15 19:00:04,0.9375,11203072837691991835760705447444776056390927666675259445088047055269943846291
486,2026-06-15 19:30:04,0.9135,11203072837691991835760705447444776056390927666675259445088047055269943846291
487,2026-06-15 20:00:17,0.933,11203072837691991835760705447444776056390927666675259445088047055269943846291
488,2026-06-15 20:30:03,0.9365,11203072837691991835760705447444776056390927666675259445088047055269943846291
489,2026-06-15 21:00:04,0.9365,11203072837691991835760705447444776056390927666675259445088047055269943846291
490,2026-06-15 21:30:03,0.93,11203072837691991835760705447444776056390927666675259445088047055269943846291
491,2026-06-15 22:00:03,0.9325,11203072837691991835760705447444776056390927666675259445088047055269943846291
492,2026-06-15 22:30:03,0.9325,11203072837691991835760705447444776056390927666675259445088047055269943846291
493,2026-06-15 23:00:03,0.9325,11203072837691991835760705447444776056390927666675259445088047055269943846291
494,2026-06-15 23:30:04,0.9325,11203072837691991835760705447444776056390927666675259445088047055269943846291
495,2026-06-16 00:00:06,0.9325,11203072837691991835760705447444776056390927666675259445088047055269943846291
496,2026-06-16 00:30:04,0.9325,11203072837691991835760705447444776056390927666675259445088047055269943846291
497,2026-06-16 01:00:03,0.933,11203072837691991835760705447444776056390927666675259445088047055269943846291
498,2026-06-16 01:30:04,0.933,11203072837691991835760705447444776056390927666675259445088047055269943846291
499,2026-06-16 02:00:03,0.933,11203072837691991835760705447444776056390927666675259445088047055269943846291
500,2026-06-16 02:30:03,0.933,11203072837691991835760705447444776056390927666675259445088047055269943846291
501,2026-06-16 03:00:03,0.933,11203072837691991835760705447444776056390927666675259445088047055269943846291
502,2026-06-16 03:30:03,0.9325,11203072837691991835760705447444776056390927666675259445088047055269943846291
503,2026-06-16 04:00:04,0.9335,11203072837691991835760705447444776056390927666675259445088047055269943846291
504,2026-06-16 04:30:04,0.933,11203072837691991835760705447444776056390927666675259445088047055269943846291
505,2026-06-16 05:00:04,0.933,11203072837691991835760705447444776056390927666675259445088047055269943846291
506,2026-06-16 05:30:04,0.9335,11203072837691991835760705447444776056390927666675259445088047055269943846291
507,2026-06-16 06:00:03,0.9335,11203072837691991835760705447444776056390927666675259445088047055269943846291
508,2026-06-16 06:30:03,0.9335,11203072837691991835760705447444776056390927666675259445088047055269943846291
509,2026-06-16 07:00:05,0.9335,11203072837691991835760705447444776056390927666675259445088047055269943846291
510,2026-06-16 07:30:05,0.9335,11203072837691991835760705447444776056390927666675259445088047055269943846291
511,2026-06-16 08:00:03,0.9335,11203072837691991835760705447444776056390927666675259445088047055269943846291
512,2026-06-16 08:30:04,0.9335,11203072837691991835760705447444776056390927666675259445088047055269943846291
513,2026-06-16 09:00:06,0.9335,11203072837691991835760705447444776056390927666675259445088047055269943846291
514,2026-06-16 09:30:03,0.9335,11203072837691991835760705447444776056390927666675259445088047055269943846291
515,2026-06-16 10:00:04,0.9335,11203072837691991835760705447444776056390927666675259445088047055269943846291
516,2026-06-16 10:30:04,0.9335,11203072837691991835760705447444776056390927666675259445088047055269943846291
517,2026-06-16 11:00:04,0.9335,11203072837691991835760705447444776056390927666675259445088047055269943846291
518,2026-06-16 11:30:16,0.9335,11203072837691991835760705447444776056390927666675259445088047055269943846291
519,2026-06-16 12:00:04,0.9335,11203072837691991835760705447444776056390927666675259445088047055269943846291
520,2026-06-16 12:30:04,0.934,11203072837691991835760705447444776056390927666675259445088047055269943846291
521,2026-06-16 13:00:04,0.9335,11203072837691991835760705447444776056390927666675259445088047055269943846291
522,2026-06-16 13:30:04,0.934,11203072837691991835760705447444776056390927666675259445088047055269943846291
523,2026-06-16 14:00:05,0.934,11203072837691991835760705447444776056390927666675259445088047055269943846291
524,2026-06-16 14:30:04,0.9345,11203072837691991835760705447444776056390927666675259445088047055269943846291
525,2026-06-16 15:00:04,0.9335,11203072837691991835760705447444776056390927666675259445088047055269943846291
526,2026-06-16 15:30:04,0.934,11203072837691991835760705447444776056390927666675259445088047055269943846291
527,2026-06-16 16:00:04,0.9335,11203072837691991835760705447444776056390927666675259445088047055269943846291
528,2026-06-16 16:30:04,0.9335,11203072837691991835760705447444776056390927666675259445088047055269943846291
529,2026-06-16 17:00:06,0.933,11203072837691991835760705447444776056390927666675259445088047055269943846291
530,2026-06-16 17:30:04,0.9335,11203072837691991835760705447444776056390927666675259445088047055269943846291
531,2026-06-16 18:00:04,0.933,11203072837691991835760705447444776056390927666675259445088047055269943846291
532,2026-06-16 18:30:04,0.931,11203072837691991835760705447444776056390927666675259445088047055269943846291
533,2026-06-16 19:00:04,0.931,11203072837691991835760705447444776056390927666675259445088047055269943846291
534,2026-06-16 19:30:04,0.9305,11203072837691991835760705447444776056390927666675259445088047055269943846291
535,2026-06-16 20:00:04,0.9335,11203072837691991835760705447444776056390927666675259445088047055269943846291
536,2026-06-16 20:30:04,0.9335,11203072837691991835760705447444776056390927666675259445088047055269943846291
537,2026-06-16 21:00:03,0.9335,11203072837691991835760705447444776056390927666675259445088047055269943846291
538,2026-06-16 21:30:03,0.9325,11203072837691991835760705447444776056390927666675259445088047055269943846291
539,2026-06-16 22:00:03,0.9315,11203072837691991835760705447444776056390927666675259445088047055269943846291
540,2026-06-16 22:30:03,0.9315,11203072837691991835760705447444776056390927666675259445088047055269943846291
541,2026-06-16 23:00:03,0.931,11203072837691991835760705447444776056390927666675259445088047055269943846291
542,2026-06-16 23:30:03,0.931,11203072837691991835760705447444776056390927666675259445088047055269943846291
543,2026-06-17 00:00:05,0.933,11203072837691991835760705447444776056390927666675259445088047055269943846291
544,2026-06-17 00:30:19,0.9325,11203072837691991835760705447444776056390927666675259445088047055269943846291
545,2026-06-17 01:00:05,0.9325,11203072837691991835760705447444776056390927666675259445088047055269943846291
546,2026-06-17 01:30:04,0.9325,11203072837691991835760705447444776056390927666675259445088047055269943846291
547,2026-06-17 02:00:05,0.9325,11203072837691991835760705447444776056390927666675259445088047055269943846291
548,2026-06-17 02:30:16,0.9325,11203072837691991835760705447444776056390927666675259445088047055269943846291
549,2026-06-17 03:00:04,0.9325,11203072837691991835760705447444776056390927666675259445088047055269943846291
550,2026-06-17 03:30:04,0.932,11203072837691991835760705447444776056390927666675259445088047055269943846291
551,2026-06-17 04:00:04,0.9275,11203072837691991835760705447444776056390927666675259445088047055269943846291
552,2026-06-17 04:30:06,0.927,11203072837691991835760705447444776056390927666675259445088047055269943846291
553,2026-06-17 05:00:04,0.927,11203072837691991835760705447444776056390927666675259445088047055269943846291
554,2026-06-17 05:30:04,0.927,11203072837691991835760705447444776056390927666675259445088047055269943846291
555,2026-06-17 06:00:07,0.927,11203072837691991835760705447444776056390927666675259445088047055269943846291
556,2026-06-17 06:30:04,0.941,11203072837691991835760705447444776056390927666675259445088047055269943846291
557,2026-06-17 07:00:04,0.943,11203072837691991835760705447444776056390927666675259445088047055269943846291
558,2026-06-17 07:30:04,0.944,11203072837691991835760705447444776056390927666675259445088047055269943846291
559,2026-06-17 08:00:04,0.943,11203072837691991835760705447444776056390927666675259445088047055269943846291
560,2026-06-17 08:30:04,0.9415,11203072837691991835760705447444776056390927666675259445088047055269943846291
561,2026-06-17 09:00:19,0.9415,11203072837691991835760705447444776056390927666675259445088047055269943846291
562,2026-06-17 09:30:04,0.9415,11203072837691991835760705447444776056390927666675259445088047055269943846291
563,2026-06-17 10:00:04,0.9415,11203072837691991835760705447444776056390927666675259445088047055269943846291
564,2026-06-17 10:30:07,0.9435,11203072837691991835760705447444776056390927666675259445088047055269943846291
565,2026-06-17 11:00:04,0.9435,11203072837691991835760705447444776056390927666675259445088047055269943846291
566,2026-06-17 11:30:17,0.9435,11203072837691991835760705447444776056390927666675259445088047055269943846291
567,2026-06-17 12:00:08,0.9445,11203072837691991835760705447444776056390927666675259445088047055269943846291
568,2026-06-17 12:30:06,0.9445,11203072837691991835760705447444776056390927666675259445088047055269943846291
569,2026-06-17 13:00:08,0.9445,11203072837691991835760705447444776056390927666675259445088047055269943846291
570,2026-06-17 13:30:06,0.9445,11203072837691991835760705447444776056390927666675259445088047055269943846291
571,2026-06-17 14:00:19,0.9445,11203072837691991835760705447444776056390927666675259445088047055269943846291
572,2026-06-17 14:30:05,0.9445,11203072837691991835760705447444776056390927666675259445088047055269943846291
573,2026-06-17 15:00:06,0.9445,11203072837691991835760705447444776056390927666675259445088047055269943846291
574,2026-06-17 15:30:04,0.9445,11203072837691991835760705447444776056390927666675259445088047055269943846291
575,2026-06-17 16:00:04,0.9445,11203072837691991835760705447444776056390927666675259445088047055269943846291
576,2026-06-17 16:30:03,0.9445,11203072837691991835760705447444776056390927666675259445088047055269943846291
577,2026-06-17 17:00:05,0.9445,11203072837691991835760705447444776056390927666675259445088047055269943846291
578,2026-06-17 17:30:04,0.9445,11203072837691991835760705447444776056390927666675259445088047055269943846291
579,2026-06-17 18:00:06,0.9445,11203072837691991835760705447444776056390927666675259445088047055269943846291
580,2026-06-17 18:30:04,0.9445,11203072837691991835760705447444776056390927666675259445088047055269943846291
581,2026-06-17 19:00:04,0.9445,11203072837691991835760705447444776056390927666675259445088047055269943846291
582,2026-06-17 19:30:16,0.9445,11203072837691991835760705447444776056390927666675259445088047055269943846291
583,2026-06-17 20:00:06,0.9445,11203072837691991835760705447444776056390927666675259445088047055269943846291
584,2026-06-17 20:30:03,0.9445,11203072837691991835760705447444776056390927666675259445088047055269943846291
585,2026-06-17 21:00:04,0.9415,11203072837691991835760705447444776056390927666675259445088047055269943846291
586,2026-06-17 21:30:04,0.9415,11203072837691991835760705447444776056390927666675259445088047055269943846291
587,2026-06-17 22:00:04,0.9415,11203072837691991835760705447444776056390927666675259445088047055269943846291
588,2026-06-17 22:30:03,0.9415,11203072837691991835760705447444776056390927666675259445088047055269943846291
589,2026-06-17 23:00:16,0.9415,11203072837691991835760705447444776056390927666675259445088047055269943846291
590,2026-06-17 23:30:04,0.9415,11203072837691991835760705447444776056390927666675259445088047055269943846291
591,2026-06-18 00:00:16,0.941,11203072837691991835760705447444776056390927666675259445088047055269943846291
592,2026-06-18 00:30:06,0.941,11203072837691991835760705447444776056390927666675259445088047055269943846291
593,2026-06-18 01:00:05,0.941,11203072837691991835760705447444776056390927666675259445088047055269943846291
594,2026-06-18 01:30:04,0.941,11203072837691991835760705447444776056390927666675259445088047055269943846291
595,2026-06-18 02:00:05,0.9405,11203072837691991835760705447444776056390927666675259445088047055269943846291
596,2026-06-18 02:30:03,0.9405,11203072837691991835760705447444776056390927666675259445088047055269943846291
597,2026-06-18 03:00:04,0.9405,11203072837691991835760705447444776056390927666675259445088047055269943846291
598,2026-06-18 03:30:03,0.94,11203072837691991835760705447444776056390927666675259445088047055269943846291
599,2026-06-18 04:00:04,0.94,11203072837691991835760705447444776056390927666675259445088047055269943846291
600,2026-06-18 04:30:04,0.942,11203072837691991835760705447444776056390927666675259445088047055269943846291
601,2026-06-18 05:00:08,0.942,11203072837691991835760705447444776056390927666675259445088047055269943846291
602,2026-06-18 05:30:04,0.942,11203072837691991835760705447444776056390927666675259445088047055269943846291
603,2026-06-18 06:00:04,0.942,11203072837691991835760705447444776056390927666675259445088047055269943846291
604,2026-06-18 06:30:04,0.942,11203072837691991835760705447444776056390927666675259445088047055269943846291
605,2026-06-18 07:00:04,0.944,11203072837691991835760705447444776056390927666675259445088047055269943846291
606,2026-06-18 07:30:07,0.944,11203072837691991835760705447444776056390927666675259445088047055269943846291
607,2026-06-18 08:00:04,0.944,11203072837691991835760705447444776056390927666675259445088047055269943846291
608,2026-06-18 08:30:03,0.944,11203072837691991835760705447444776056390927666675259445088047055269943846291
609,2026-06-18 09:00:04,0.9445,11203072837691991835760705447444776056390927666675259445088047055269943846291
610,2026-06-18 09:30:04,0.9445,11203072837691991835760705447444776056390927666675259445088047055269943846291
611,2026-06-18 10:00:05,0.944,11203072837691991835760705447444776056390927666675259445088047055269943846291
612,2026-06-18 10:30:03,0.9445,11203072837691991835760705447444776056390927666675259445088047055269943846291
613,2026-06-18 11:00:04,0.9445,11203072837691991835760705447444776056390927666675259445088047055269943846291
614,2026-06-18 11:30:04,0.9445,11203072837691991835760705447444776056390927666675259445088047055269943846291
615,2026-06-18 12:00:05,0.9445,11203072837691991835760705447444776056390927666675259445088047055269943846291
616,2026-06-18 12:30:03,0.9445,11203072837691991835760705447444776056390927666675259445088047055269943846291
617,2026-06-18 13:00:03,0.9445,11203072837691991835760705447444776056390927666675259445088047055269943846291
618,2026-06-18 13:30:03,0.9445,11203072837691991835760705447444776056390927666675259445088047055269943846291
619,2026-06-18 14:00:04,0.9445,11203072837691991835760705447444776056390927666675259445088047055269943846291
620,2026-06-18 14:30:04,0.9445,11203072837691991835760705447444776056390927666675259445088047055269943846291
621,2026-06-18 15:00:07,0.9445,11203072837691991835760705447444776056390927666675259445088047055269943846291
622,2026-06-18 15:30:03,0.9445,11203072837691991835760705447444776056390927666675259445088047055269943846291
623,2026-06-18 16:00:04,0.9445,11203072837691991835760705447444776056390927666675259445088047055269943846291
624,2026-06-18 16:30:03,0.9445,11203072837691991835760705447444776056390927666675259445088047055269943846291
625,2026-06-18 17:00:03,0.9445,11203072837691991835760705447444776056390927666675259445088047055269943846291
626,2026-06-18 17:30:05,0.9445,11203072837691991835760705447444776056390927666675259445088047055269943846291
627,2026-06-18 18:00:04,0.9445,11203072837691991835760705447444776056390927666675259445088047055269943846291
628,2026-06-18 18:30:03,0.9445,11203072837691991835760705447444776056390927666675259445088047055269943846291
629,2026-06-18 19:00:16,0.9445,11203072837691991835760705447444776056390927666675259445088047055269943846291
630,2026-06-18 19:30:04,0.9445,11203072837691991835760705447444776056390927666675259445088047055269943846291
631,2026-06-18 20:00:04,0.9445,11203072837691991835760705447444776056390927666675259445088047055269943846291
632,2026-06-18 20:30:03,0.9445,11203072837691991835760705447444776056390927666675259445088047055269943846291
633,2026-06-18 21:00:05,0.9435,11203072837691991835760705447444776056390927666675259445088047055269943846291
634,2026-06-18 21:30:04,0.9425,11203072837691991835760705447444776056390927666675259445088047055269943846291
635,2026-06-18 22:00:04,0.9425,11203072837691991835760705447444776056390927666675259445088047055269943846291
636,2026-06-18 22:30:03,0.9425,11203072837691991835760705447444776056390927666675259445088047055269943846291
637,2026-06-18 23:00:04,0.9425,11203072837691991835760705447444776056390927666675259445088047055269943846291
638,2026-06-18 23:30:04,0.9425,11203072837691991835760705447444776056390927666675259445088047055269943846291
639,2026-06-19 00:00:21,0.9425,11203072837691991835760705447444776056390927666675259445088047055269943846291
640,2026-06-19 00:30:03,0.9425,11203072837691991835760705447444776056390927666675259445088047055269943846291
641,2026-06-19 01:00:03,0.9425,11203072837691991835760705447444776056390927666675259445088047055269943846291
642,2026-06-19 01:30:04,0.9425,11203072837691991835760705447444776056390927666675259445088047055269943846291
643,2026-06-19 02:00:03,0.9425,11203072837691991835760705447444776056390927666675259445088047055269943846291
644,2026-06-19 02:30:04,0.9425,11203072837691991835760705447444776056390927666675259445088047055269943846291
645,2026-06-19 03:00:03,0.9425,11203072837691991835760705447444776056390927666675259445088047055269943846291
646,2026-06-19 03:30:04,0.942,11203072837691991835760705447444776056390927666675259445088047055269943846291
647,2026-06-19 04:00:03,0.9325,11203072837691991835760705447444776056390927666675259445088047055269943846291
648,2026-06-19 04:30:57,0.9325,11203072837691991835760705447444776056390927666675259445088047055269943846291
649,2026-06-19 05:30:03,0.9325,11203072837691991835760705447444776056390927666675259445088047055269943846291
650,2026-06-19 06:00:03,0.932,11203072837691991835760705447444776056390927666675259445088047055269943846291
651,2026-06-19 06:30:04,0.932,11203072837691991835760705447444776056390927666675259445088047055269943846291
652,2026-06-19 07:00:16,0.9325,11203072837691991835760705447444776056390927666675259445088047055269943846291
653,2026-06-19 07:30:03,0.9325,11203072837691991835760705447444776056390927666675259445088047055269943846291
654,2026-06-19 08:00:03,0.9325,11203072837691991835760705447444776056390927666675259445088047055269943846291
655,2026-06-19 08:30:03,0.9315,11203072837691991835760705447444776056390927666675259445088047055269943846291
656,2026-06-19 09:00:03,0.9315,11203072837691991835760705447444776056390927666675259445088047055269943846291
657,2026-06-19 09:30:03,0.9315,11203072837691991835760705447444776056390927666675259445088047055269943846291
658,2026-06-19 10:00:04,0.9315,11203072837691991835760705447444776056390927666675259445088047055269943846291
659,2026-06-19 10:30:15,0.9315,11203072837691991835760705447444776056390927666675259445088047055269943846291
660,2026-06-19 11:00:03,0.9315,11203072837691991835760705447444776056390927666675259445088047055269943846291
661,2026-06-19 11:30:04,0.9315,11203072837691991835760705447444776056390927666675259445088047055269943846291
662,2026-06-19 12:00:04,0.9315,11203072837691991835760705447444776056390927666675259445088047055269943846291
663,2026-06-19 12:30:03,0.9315,11203072837691991835760705447444776056390927666675259445088047055269943846291
664,2026-06-19 13:00:03,0.9315,11203072837691991835760705447444776056390927666675259445088047055269943846291
665,2026-06-19 13:30:04,0.9315,11203072837691991835760705447444776056390927666675259445088047055269943846291
666,2026-06-19 14:00:04,0.9315,11203072837691991835760705447444776056390927666675259445088047055269943846291
667,2026-06-19 14:30:03,0.9315,11203072837691991835760705447444776056390927666675259445088047055269943846291
668,2026-06-19 15:00:04,0.9315,11203072837691991835760705447444776056390927666675259445088047055269943846291
669,2026-06-19 15:30:03,0.9315,11203072837691991835760705447444776056390927666675259445088047055269943846291
670,2026-06-19 16:00:03,0.9315,11203072837691991835760705447444776056390927666675259445088047055269943846291
671,2026-06-19 16:30:20,0.933,11203072837691991835760705447444776056390927666675259445088047055269943846291
672,2026-06-19 17:00:03,0.9325,11203072837691991835760705447444776056390927666675259445088047055269943846291
673,2026-06-19 17:30:03,0.9315,11203072837691991835760705447444776056390927666675259445088047055269943846291
674,2026-06-19 18:00:05,0.9315,11203072837691991835760705447444776056390927666675259445088047055269943846291
675,2026-06-19 18:30:03,0.9315,11203072837691991835760705447444776056390927666675259445088047055269943846291
676,2026-06-19 19:00:04,0.9315,11203072837691991835760705447444776056390927666675259445088047055269943846291
677,2026-06-19 19:30:04,0.9315,11203072837691991835760705447444776056390927666675259445088047055269943846291
678,2026-06-19 20:00:03,0.9315,11203072837691991835760705447444776056390927666675259445088047055269943846291
679,2026-06-19 20:30:03,0.9315,11203072837691991835760705447444776056390927666675259445088047055269943846291
680,2026-06-19 21:00:05,0.9035,11203072837691991835760705447444776056390927666675259445088047055269943846291
681,2026-06-19 21:30:04,0.905,11203072837691991835760705447444776056390927666675259445088047055269943846291
682,2026-06-19 22:00:04,0.91,11203072837691991835760705447444776056390927666675259445088047055269943846291
683,2026-06-19 22:30:04,0.91,11203072837691991835760705447444776056390927666675259445088047055269943846291
684,2026-06-19 23:00:03,0.91,11203072837691991835760705447444776056390927666675259445088047055269943846291
685,2026-06-19 23:30:18,0.9095,11203072837691991835760705447444776056390927666675259445088047055269943846291
686,2026-06-20 00:00:04,0.9135,11203072837691991835760705447444776056390927666675259445088047055269943846291
687,2026-06-20 00:30:03,0.9355,11203072837691991835760705447444776056390927666675259445088047055269943846291
688,2026-06-20 01:00:03,0.9355,11203072837691991835760705447444776056390927666675259445088047055269943846291
689,2026-06-20 01:30:03,0.9925,11203072837691991835760705447444776056390927666675259445088047055269943846291
690,2026-06-20 02:00:04,0.9925,11203072837691991835760705447444776056390927666675259445088047055269943846291
691,2026-06-20 02:30:05,0.995,11203072837691991835760705447444776056390927666675259445088047055269943846291
692,2026-06-20 03:00:05,0.9995,11203072837691991835760705447444776056390927666675259445088047055269943846291
693,2026-06-20 03:30:04,0.9995,11203072837691991835760705447444776056390927666675259445088047055269943846291
694,2026-06-20 04:00:03,0.9995,11203072837691991835760705447444776056390927666675259445088047055269943846291
695,2026-06-20 04:30:16,0.9995,11203072837691991835760705447444776056390927666675259445088047055269943846291
696,2026-06-20 05:00:04,0.9995,11203072837691991835760705447444776056390927666675259445088047055269943846291
697,2026-06-20 05:30:03,0.9995,11203072837691991835760705447444776056390927666675259445088047055269943846291
698,2026-06-20 06:00:04,0.9995,11203072837691991835760705447444776056390927666675259445088047055269943846291
699,2026-06-20 06:30:04,0.9995,11203072837691991835760705447444776056390927666675259445088047055269943846291
700,2026-06-20 07:00:03,0.9995,11203072837691991835760705447444776056390927666675259445088047055269943846291
701,2026-06-20 07:30:03,0.9995,11203072837691991835760705447444776056390927666675259445088047055269943846291
702,2026-06-20 08:00:03,0.9995,11203072837691991835760705447444776056390927666675259445088047055269943846291
703,2026-06-20 08:30:03,0.9995,11203072837691991835760705447444776056390927666675259445088047055269943846291
704,2026-06-20 09:00:04,0.9995,11203072837691991835760705447444776056390927666675259445088047055269943846291
705,2026-06-20 09:30:03,0.9995,11203072837691991835760705447444776056390927666675259445088047055269943846291
706,2026-06-20 10:00:03,0.9995,11203072837691991835760705447444776056390927666675259445088047055269943846291
707,2026-06-20 10:30:18,0.9995,11203072837691991835760705447444776056390927666675259445088047055269943846291
708,2026-06-20 11:00:04,0.9995,11203072837691991835760705447444776056390927666675259445088047055269943846291
